{
	"folders": {},
	"connections": {
		"h2_server-17dfcc510b9-44ba15f56764a29": {
			"provider": "generic",
			"driver": "h2_server",
			"name": "New Connection",
			"save-password": true,
			"show-system-objects": true,
			"read-only": false,
			"configuration": {
				"url": "jdbc:h2:file:C:/Users/mgedepud/OneDrive - Capgemini/Desktop/OpenBank/microservices-main/testdb",
				"type": "dev",
				"auth-model": "native",
				"handlers": {}
			}
		}
	},
	"connection-types": {
		"dev": {
			"name": "Development",
			"color": "255,255,255",
			"description": "Regular development database",
			"auto-commit": true,
			"confirm-execute": false,
			"confirm-data-change": false
		}
	}
}